{
  "last_refresh": "2026-07-06T20:52:35.213760+05:30",
  "weights": {
    "NIFTY": {
      "RELIANCE": 0.11299852820289535,
      "TCS": 0.026346458668061304,
      "HDFCBANK": 0.16153955550122082,
      "ICICIBANK": 0.12935905369513714,
      "INFY": 0.04533506131288211,
      "ITC": 0.0456484609873677,
      "BHARTIARTL": 0.06833080030371455,
      "LT": 0.07026611837776098,
      "AXISBANK": 0.0526706104383354,
      "SBIN": 0.05205892654664641,
      "KOTAKBANK": 0.03547247386940736,
      "M&M": 0.03935310801038571,
      "HINDUNILVR": 0.024849485475606056,
      "TMPV": 0.008722932386586158,
      "BAJFINANCE": 0.03639455022820805,
      "MARUTI": 0.025276158571659515,
      "SUNPHARMA": 0.026683478874502425,
      "NTPC": 0.02139427596962577,
      "HCLTECH": 0.00018959000693662573,
      "POWERGRID": 0.017110372573060587
    },
    "SENSEX": {
      "RELIANCE": 0.11146766603159813,
      "TCS": 0.025969748732176993,
      "HDFCBANK": 0.1590818724629614,
      "ICICIBANK": 0.12710531489642973,
      "INFY": 0.04468280522696456,
      "ITC": 0.04508295524429883,
      "BHARTIARTL": 0.06733432885607021,
      "LT": 0.06924384670629372,
      "AXISBANK": 0.05192584982987392,
      "SBIN": 0.051324484343759996,
      "KOTAKBANK": 0.034958974094755985,
      "M&M": 0.038782354863966056,
      "HINDUNILVR": 0.02449481575295362,
      "TMPV": 0.008596150489610179,
      "BAJFINANCE": 0.035861852830248564,
      "MARUTI": 0.024911397567143553,
      "SUNPHARMA": 0.026306667653607004,
      "NTPC": 0.021092359319131126,
      "HCLTECH": 0.01491001120915942,
      "POWERGRID": 0.01686654388899693
    },
    "BANKNIFTY": {
      "HDFCBANK": 0.33345853659318353,
      "ICICIBANK": 0.26702983431159366,
      "SBIN": 0.10746280320627445,
      "AXISBANK": 0.10872547360763442,
      "KOTAKBANK": 0.07322416598913525,
      "INDUSINDBK": 0.017448289700714888,
      "PNB": 0.008443545175351107,
      "BANKBARODA": 0.012140812234425164,
      "AUBANK": 0.015543090212501866,
      "FEDERALBNK": 0.021256652203318436,
      "IDFCFIRSTB": 0.010942469373129957,
      "BANDHANBNK": 0.005230494754666968,
      "CANBK": 0.011073387384338945,
      "UNIONBANK": 0.008020445253731336
    }
  }
}