{
  "last_refresh": "2026-07-13T15:01:18.608787+05:30",
  "weights": {
    "NIFTY": {
      "RELIANCE": 0.14606741573033707,
      "TCS": 0.06179775280898876,
      "HDFCBANK": 0.1348314606741573,
      "ICICIBANK": 0.10112359550561797,
      "INFY": 0.07865168539325842,
      "ITC": 0.06741573033707865,
      "BHARTIARTL": 0.056179775280898875,
      "LT": 0.05056179775280899,
      "AXISBANK": 0.0449438202247191,
      "SBIN": 0.03932584269662921,
      "KOTAKBANK": 0.033707865168539325,
      "M&M": 0.028089887640449437,
      "HINDUNILVR": 0.028089887640449437,
      "TMPV": 0.02247191011235955,
      "BAJFINANCE": 0.02247191011235955,
      "MARUTI": 0.020224719101123594,
      "SUNPHARMA": 0.016853932584269662,
      "NTPC": 0.016853932584269662,
      "HCLTECH": 0.016853932584269662,
      "POWERGRID": 0.01348314606741573
    },
    "SENSEX": {
      "RELIANCE": 0.14606741573033707,
      "TCS": 0.06179775280898876,
      "HDFCBANK": 0.1348314606741573,
      "ICICIBANK": 0.10112359550561797,
      "INFY": 0.07865168539325842,
      "ITC": 0.06741573033707865,
      "BHARTIARTL": 0.056179775280898875,
      "LT": 0.05056179775280899,
      "AXISBANK": 0.0449438202247191,
      "SBIN": 0.03932584269662921,
      "KOTAKBANK": 0.033707865168539325,
      "M&M": 0.028089887640449437,
      "HINDUNILVR": 0.028089887640449437,
      "TMPV": 0.02247191011235955,
      "BAJFINANCE": 0.02247191011235955,
      "MARUTI": 0.020224719101123594,
      "SUNPHARMA": 0.016853932584269662,
      "NTPC": 0.016853932584269662,
      "HCLTECH": 0.016853932584269662,
      "POWERGRID": 0.01348314606741573
    },
    "BANKNIFTY": {
      "HDFCBANK": 0.29,
      "ICICIBANK": 0.23,
      "SBIN": 0.11,
      "AXISBANK": 0.1,
      "KOTAKBANK": 0.09,
      "INDUSINDBK": 0.06,
      "PNB": 0.025,
      "BANKBARODA": 0.025,
      "AUBANK": 0.015,
      "FEDERALBNK": 0.015,
      "IDFCFIRSTB": 0.012,
      "BANDHANBNK": 0.01,
      "CANBK": 0.01,
      "UNIONBANK": 0.008
    }
  }
}